user_id,video_id,watchtime
b8d26a9a-af81-4cec-abf9-1bac3101c8d0,05fb7575-2071-4688-b1d7-907027f2314a,1
3398be8b-6529-497f-807f-9c9c284ae82a,2521b980-3a9b-467f-8ecb-0c31a05453e4,0.36
5490ab92-14eb-40b8-9657-d5cf79f35834,d1dc50e4-5129-41a6-ad71-afd6bb94fa79,0
3398be8b-6529-497f-807f-9c9c284ae82a,50d4ec43-4e66-48ff-9149-d6678243815c,0.42
f697eba1-4e4b-4a6e-bb7c-9491901cb308,05acab31-491b-498d-a7f6-7408baa417e6,0.87
92a50d66-e549-4515-9f19-5c6b8658e132,50d4ec43-4e66-48ff-9149-d6678243815c,0.34
c2027b1d-600c-4499-9c70-edc54b8a0de8,888cc60b-bae0-4eae-b914-58bcafa7f5de,0
37d1d3e2-1012-40f5-a763-16c9c7023f60,a09e29de-3287-46d4-a5cd-3f3d81166839,0.22
92a50d66-e549-4515-9f19-5c6b8658e132,05fb7575-2071-4688-b1d7-907027f2314a,0.67
90537d48-a68e-4f0b-a26e-e000215a3c2a,fd0b4d07-4f4e-4303-853f-08e4bd9ddff6,0
b8d26a9a-af81-4cec-abf9-1bac3101c8d0,bb748f46-72f6-4bbf-92be-87ae78f0ffdd,0.97
90537d48-a68e-4f0b-a26e-e000215a3c2a,765b0fa8-e9b2-4dee-85d5-f8fba32f842e,0
b8d26a9a-af81-4cec-abf9-1bac3101c8d0,105974d1-19f1-4883-b607-5d83e02f2572,0.91
5490ab92-14eb-40b8-9657-d5cf79f35834,9912856d-f2f4-47a6-a161-04aea10240e8,0.7
b8d26a9a-af81-4cec-abf9-1bac3101c8d0,05acab31-491b-498d-a7f6-7408baa417e6,0.54
32ac6d4e-f191-4f61-89d0-c674c5274e34,05fb7575-2071-4688-b1d7-907027f2314a,0.05
37d1d3e2-1012-40f5-a763-16c9c7023f60,371fb1d1-79b1-4840-b630-707d9579f3f5,0.13
78746e9c-e8a0-420c-883b-0fe78fe4e8ba,05acab31-491b-498d-a7f6-7408baa417e6,0.68
0b0a843b-09f2-4f70-9928-8022fc3f873b,1be6f6ab-6e41-455e-b12a-c306c3a1efac,0.04
b3067f82-2220-495d-9dc5-afc6985e3013,05acab31-491b-498d-a7f6-7408baa417e6,0.65
78746e9c-e8a0-420c-883b-0fe78fe4e8ba,d1dc50e4-5129-41a6-ad71-afd6bb94fa79,0.13
32ac6d4e-f191-4f61-89d0-c674c5274e34,d4de9db3-6802-4432-aa86-486dedbe69f3,0.78
32ac6d4e-f191-4f61-89d0-c674c5274e34,c844dcdc-0e81-4519-8137-208990ce6a0d,0.86
0b0a843b-09f2-4f70-9928-8022fc3f873b,05acab31-491b-498d-a7f6-7408baa417e6,0.32
0e802a9b-d5ec-453d-800e-219dadb83680,2521b980-3a9b-467f-8ecb-0c31a05453e4,0.14
b8d26a9a-af81-4cec-abf9-1bac3101c8d0,d1dc50e4-5129-41a6-ad71-afd6bb94fa79,1
0e802a9b-d5ec-453d-800e-219dadb83680,05fb7575-2071-4688-b1d7-907027f2314a,0.11
c0049763-a6a3-4a81-a836-92b4f412d39a,ea22f89d-1bea-45f7-8516-8bf1c6a6659a,0.05
90537d48-a68e-4f0b-a26e-e000215a3c2a,ab0da214-fa56-4ba1-b718-f9879472d7e4,0.82
cf693a29-cead-4b4d-ac8f-e4c2ed0ee0c5,47cce516-abac-4ab8-8983-7d37f4002f9a,0.24
3a1c6b9f-4315-4c2e-a741-7d580e149491,1be6f6ab-6e41-455e-b12a-c306c3a1efac,0.96
cf693a29-cead-4b4d-ac8f-e4c2ed0ee0c5,05acab31-491b-498d-a7f6-7408baa417e6,0.32
0e802a9b-d5ec-453d-800e-219dadb83680,05acab31-491b-498d-a7f6-7408baa417e6,0.95
c2027b1d-600c-4499-9c70-edc54b8a0de8,d38070ab-3ab4-46c0-80f8-11f176f49a87,1
8c11ece9-5c7b-4072-abcf-dec2eb2d54f3,1be6f6ab-6e41-455e-b12a-c306c3a1efac,1
c2027b1d-600c-4499-9c70-edc54b8a0de8,94ac0a07-1ff5-4a55-bb38-80f4b3d915f5,0.73
0b0a843b-09f2-4f70-9928-8022fc3f873b,ab0da214-fa56-4ba1-b718-f9879472d7e4,0.04
138b9955-b29b-4ac6-a09d-41b631cc2c6c,7fb1da9d-f787-475c-a5f9-ccc36bc728d5,0.3
8c11ece9-5c7b-4072-abcf-dec2eb2d54f3,ab0da214-fa56-4ba1-b718-f9879472d7e4,0.66
5490ab92-14eb-40b8-9657-d5cf79f35834,939f2e49-9a8a-487f-b048-7d9a5729a705,1
25b91922-c27d-4e32-8862-0555fddd3aa8,acd9e6fe-0e3b-4eb1-bec5-78ac90866e0c,0.38
ef5b54e2-c447-4a71-a9a1-6e6051917e56,9b529abf-239c-4f04-9414-c38bfafcf788,0.87
0e802a9b-d5ec-453d-800e-219dadb83680,47cce516-abac-4ab8-8983-7d37f4002f9a,0.27
5490ab92-14eb-40b8-9657-d5cf79f35834,105974d1-19f1-4883-b607-5d83e02f2572,1
5490ab92-14eb-40b8-9657-d5cf79f35834,1be6f6ab-6e41-455e-b12a-c306c3a1efac,1
5490ab92-14eb-40b8-9657-d5cf79f35834,05fb7575-2071-4688-b1d7-907027f2314a,0.28
c0049763-a6a3-4a81-a836-92b4f412d39a,05acab31-491b-498d-a7f6-7408baa417e6,0.43
c0049763-a6a3-4a81-a836-92b4f412d39a,d38070ab-3ab4-46c0-80f8-11f176f49a87,0.09
5490ab92-14eb-40b8-9657-d5cf79f35834,9e5b5acf-da76-4b1c-89d9-e3ba1a1f71cc,0.23
b8d26a9a-af81-4cec-abf9-1bac3101c8d0,1be6f6ab-6e41-455e-b12a-c306c3a1efac,0.07
5490ab92-14eb-40b8-9657-d5cf79f35834,9b529abf-239c-4f04-9414-c38bfafcf788,1
5490ab92-14eb-40b8-9657-d5cf79f35834,05acab31-491b-498d-a7f6-7408baa417e6,0.99
b8d26a9a-af81-4cec-abf9-1bac3101c8d0,765b0fa8-e9b2-4dee-85d5-f8fba32f842e,0.01
ef5b54e2-c447-4a71-a9a1-6e6051917e56,05fb7575-2071-4688-b1d7-907027f2314a,0.07
92a50d66-e549-4515-9f19-5c6b8658e132,05acab31-491b-498d-a7f6-7408baa417e6,0.32
ef5b54e2-c447-4a71-a9a1-6e6051917e56,105974d1-19f1-4883-b607-5d83e02f2572,0.46
c2027b1d-600c-4499-9c70-edc54b8a0de8,ab0da214-fa56-4ba1-b718-f9879472d7e4,1
c0049763-a6a3-4a81-a836-92b4f412d39a,ab0da214-fa56-4ba1-b718-f9879472d7e4,0.03
3a1c6b9f-4315-4c2e-a741-7d580e149491,05acab31-491b-498d-a7f6-7408baa417e6,1
90537d48-a68e-4f0b-a26e-e000215a3c2a,c844dcdc-0e81-4519-8137-208990ce6a0d,1
90537d48-a68e-4f0b-a26e-e000215a3c2a,1be6f6ab-6e41-455e-b12a-c306c3a1efac,0.76
5490ab92-14eb-40b8-9657-d5cf79f35834,ea22f89d-1bea-45f7-8516-8bf1c6a6659a,0.12
92a50d66-e549-4515-9f19-5c6b8658e132,c844dcdc-0e81-4519-8137-208990ce6a0d,0.97
92a50d66-e549-4515-9f19-5c6b8658e132,94ac0a07-1ff5-4a55-bb38-80f4b3d915f5,0.7
ef5b54e2-c447-4a71-a9a1-6e6051917e56,50d4ec43-4e66-48ff-9149-d6678243815c,0.92
c0049763-a6a3-4a81-a836-92b4f412d39a,acd9e6fe-0e3b-4eb1-bec5-78ac90866e0c,0
5490ab92-14eb-40b8-9657-d5cf79f35834,50d4ec43-4e66-48ff-9149-d6678243815c,0.07
90537d48-a68e-4f0b-a26e-e000215a3c2a,50d4ec43-4e66-48ff-9149-d6678243815c,0.24
92e0bccd-f237-40a1-9ae7-7344dd708420,7e25dd5b-312c-4117-9829-333c3581876e,0.45
92e0bccd-f237-40a1-9ae7-7344dd708420,16a968f1-bfac-45f0-8afd-93df23180c2e,0.49
92e0bccd-f237-40a1-9ae7-7344dd708420,47cce516-abac-4ab8-8983-7d37f4002f9a,0.07
25b91922-c27d-4e32-8862-0555fddd3aa8,16a968f1-bfac-45f0-8afd-93df23180c2e,0.43
436aef8d-44f3-4dff-b7f3-ed3e8682f7b5,acd9e6fe-0e3b-4eb1-bec5-78ac90866e0c,0.55
5490ab92-14eb-40b8-9657-d5cf79f35834,bdd4a700-d0da-48a7-9a9b-752813bcc718,1
5490ab92-14eb-40b8-9657-d5cf79f35834,ab0da214-fa56-4ba1-b718-f9879472d7e4,1
8c11ece9-5c7b-4072-abcf-dec2eb2d54f3,939f2e49-9a8a-487f-b048-7d9a5729a705,0.96
5490ab92-14eb-40b8-9657-d5cf79f35834,d38070ab-3ab4-46c0-80f8-11f176f49a87,0.93
cf693a29-cead-4b4d-ac8f-e4c2ed0ee0c5,d38070ab-3ab4-46c0-80f8-11f176f49a87,0.03
8febf981-b663-4120-b58d-bb2b43f117c3,371fb1d1-79b1-4840-b630-707d9579f3f5,0.12
2233fa7f-f457-4c63-a4d1-78d77797034f,939f2e49-9a8a-487f-b048-7d9a5729a705,0.1
b8d26a9a-af81-4cec-abf9-1bac3101c8d0,ab0da214-fa56-4ba1-b718-f9879472d7e4,0
32ac6d4e-f191-4f61-89d0-c674c5274e34,4eb32c86-78dc-4de0-8b1b-8ac242af6eee,0.01
c2027b1d-600c-4499-9c70-edc54b8a0de8,bdd4a700-d0da-48a7-9a9b-752813bcc718,0.99
436aef8d-44f3-4dff-b7f3-ed3e8682f7b5,a09e29de-3287-46d4-a5cd-3f3d81166839,0.22
5490ab92-14eb-40b8-9657-d5cf79f35834,94ac0a07-1ff5-4a55-bb38-80f4b3d915f5,1
251d3653-a540-44d7-8ffb-2c67be510cdd,7e25dd5b-312c-4117-9829-333c3581876e,0.96
cf693a29-cead-4b4d-ac8f-e4c2ed0ee0c5,ab0da214-fa56-4ba1-b718-f9879472d7e4,0.17
92a50d66-e549-4515-9f19-5c6b8658e132,d38070ab-3ab4-46c0-80f8-11f176f49a87,0.04
c2027b1d-600c-4499-9c70-edc54b8a0de8,4eb32c86-78dc-4de0-8b1b-8ac242af6eee,0.02
c2627c3b-43ba-495e-ac2d-c0489ccbcdd2,a09e29de-3287-46d4-a5cd-3f3d81166839,0.86
2203dfba-ae51-4078-ba20-efdd90c35656,05acab31-491b-498d-a7f6-7408baa417e6,0.32
62bca3c3-b271-40fd-ac1f-5dfc54e1d933,bdd4a700-d0da-48a7-9a9b-752813bcc718,0.1
92e0bccd-f237-40a1-9ae7-7344dd708420,d4de9db3-6802-4432-aa86-486dedbe69f3,0.84
19af2ebb-8b54-4c55-9a6b-ed80f0f524c9,ab0da214-fa56-4ba1-b718-f9879472d7e4,0.04
0e802a9b-d5ec-453d-800e-219dadb83680,1be6f6ab-6e41-455e-b12a-c306c3a1efac,0.09
c52baa46-3767-4615-835b-b5104c1da004,1be6f6ab-6e41-455e-b12a-c306c3a1efac,0.03
028782b9-f8c3-41e0-8536-6fab179090e7,a4fdc120-c105-4166-99e2-cc4a55511ead,0.89
31832a15-8c54-4893-a3f1-3cea353d6976,a4fdc120-c105-4166-99e2-cc4a55511ead,1
5490ab92-14eb-40b8-9657-d5cf79f35834,59974664-312a-4263-a5ac-b30fcd96a543,0.94
436aef8d-44f3-4dff-b7f3-ed3e8682f7b5,a4fdc120-c105-4166-99e2-cc4a55511ead,0
6e48aaa9-8f47-4b07-b072-65063cb13338,a4fdc120-c105-4166-99e2-cc4a55511ead,1
92a50d66-e549-4515-9f19-5c6b8658e132,a4fdc120-c105-4166-99e2-cc4a55511ead,1
b8d26a9a-af81-4cec-abf9-1bac3101c8d0,a4fdc120-c105-4166-99e2-cc4a55511ead,0
5cf7fe1b-ef14-4bbd-a115-92129a9bf3e2,0af9a08c-10f2-45f7-bd50-fecc6c9634d9,0.17
0b0a843b-09f2-4f70-9928-8022fc3f873b,9e5b5acf-da76-4b1c-89d9-e3ba1a1f71cc,0.2
62bca3c3-b271-40fd-ac1f-5dfc54e1d933,105974d1-19f1-4883-b607-5d83e02f2572,0.7
c4122729-6e52-4949-82d9-73ca0ef8f3bb,05fb7575-2071-4688-b1d7-907027f2314a,0.02
0b0a843b-09f2-4f70-9928-8022fc3f873b,a4fdc120-c105-4166-99e2-cc4a55511ead,0.99
b8d26a9a-af81-4cec-abf9-1bac3101c8d0,59974664-312a-4263-a5ac-b30fcd96a543,0
62bca3c3-b271-40fd-ac1f-5dfc54e1d933,05acab31-491b-498d-a7f6-7408baa417e6,0.95
100032e5-f620-43e2-92e8-48c816ea0f40,0af9a08c-10f2-45f7-bd50-fecc6c9634d9,0.07
62bca3c3-b271-40fd-ac1f-5dfc54e1d933,05fb7575-2071-4688-b1d7-907027f2314a,0.03
f35b208b-baa9-45c5-b06d-26cef090dcfd,05fb7575-2071-4688-b1d7-907027f2314a,0.17
3398be8b-6529-497f-807f-9c9c284ae82a,a4fdc120-c105-4166-99e2-cc4a55511ead,0.99
0b0a843b-09f2-4f70-9928-8022fc3f873b,47cce516-abac-4ab8-8983-7d37f4002f9a,0.11
adb5a45b-1b82-42f2-b0be-7d9f4d02d153,a4fdc120-c105-4166-99e2-cc4a55511ead,1
90537d48-a68e-4f0b-a26e-e000215a3c2a,05acab31-491b-498d-a7f6-7408baa417e6,0.98
62bca3c3-b271-40fd-ac1f-5dfc54e1d933,1be6f6ab-6e41-455e-b12a-c306c3a1efac,0.02
5490ab92-14eb-40b8-9657-d5cf79f35834,4eb32c86-78dc-4de0-8b1b-8ac242af6eee,1
f35b208b-baa9-45c5-b06d-26cef090dcfd,05acab31-491b-498d-a7f6-7408baa417e6,0.48
92a50d66-e549-4515-9f19-5c6b8658e132,765b0fa8-e9b2-4dee-85d5-f8fba32f842e,0.02
92a50d66-e549-4515-9f19-5c6b8658e132,1be6f6ab-6e41-455e-b12a-c306c3a1efac,0
92a50d66-e549-4515-9f19-5c6b8658e132,abefe915-2287-4242-807f-ecfc0009aa58,0.87
62bca3c3-b271-40fd-ac1f-5dfc54e1d933,0af9a08c-10f2-45f7-bd50-fecc6c9634d9,0.22
8fc1fd65-e9e1-4a4c-80b1-e5c231f74859,0af9a08c-10f2-45f7-bd50-fecc6c9634d9,0.06
c0049763-a6a3-4a81-a836-92b4f412d39a,7ebf9162-05d1-4524-8c8b-19b6256396e0,0.14
436aef8d-44f3-4dff-b7f3-ed3e8682f7b5,a0bfae8e-fd76-44a2-ad51-8f1feb8f6296,0.67
c2027b1d-600c-4499-9c70-edc54b8a0de8,0af9a08c-10f2-45f7-bd50-fecc6c9634d9,0
f92b07a5-65b3-4fce-935f-9ca24118b49d,05acab31-491b-498d-a7f6-7408baa417e6,0.6
6a154127-8589-4f0b-9bd6-8f218240cc6a,05acab31-491b-498d-a7f6-7408baa417e6,0.79
92a50d66-e549-4515-9f19-5c6b8658e132,9e13c21b-234a-4346-bec0-894cd0eae3ad,0.25
c52baa46-3767-4615-835b-b5104c1da004,0af9a08c-10f2-45f7-bd50-fecc6c9634d9,0.01
5490ab92-14eb-40b8-9657-d5cf79f35834,0ca563bd-cb27-4cba-b6f3-5de02e6090a1,0.28
25b91922-c27d-4e32-8862-0555fddd3aa8,d1dc50e4-5129-41a6-ad71-afd6bb94fa79,0.81
92a50d66-e549-4515-9f19-5c6b8658e132,9b529abf-239c-4f04-9414-c38bfafcf788,0.82
b8d26a9a-af81-4cec-abf9-1bac3101c8d0,9e5b5acf-da76-4b1c-89d9-e3ba1a1f71cc,0.97
90537d48-a68e-4f0b-a26e-e000215a3c2a,a09e29de-3287-46d4-a5cd-3f3d81166839,0.3
f35b208b-baa9-45c5-b06d-26cef090dcfd,9e5b5acf-da76-4b1c-89d9-e3ba1a1f71cc,1
25b91922-c27d-4e32-8862-0555fddd3aa8,765b0fa8-e9b2-4dee-85d5-f8fba32f842e,0.28
ef5b54e2-c447-4a71-a9a1-6e6051917e56,bdd4a700-d0da-48a7-9a9b-752813bcc718,0.99
f35b208b-baa9-45c5-b06d-26cef090dcfd,0af9a08c-10f2-45f7-bd50-fecc6c9634d9,0.12
90537d48-a68e-4f0b-a26e-e000215a3c2a,05fb7575-2071-4688-b1d7-907027f2314a,0.77
90537d48-a68e-4f0b-a26e-e000215a3c2a,a0bfae8e-fd76-44a2-ad51-8f1feb8f6296,0.45
25b91922-c27d-4e32-8862-0555fddd3aa8,50d4ec43-4e66-48ff-9149-d6678243815c,0.16
90537d48-a68e-4f0b-a26e-e000215a3c2a,f5388b8e-0616-4d00-9923-e4e78cbdd941,0.45
90537d48-a68e-4f0b-a26e-e000215a3c2a,a4032723-7d1a-4abc-8fd6-b38b261c99ff,0.49
6aaedfb0-32be-4123-9f80-e7193824c273,05acab31-491b-498d-a7f6-7408baa417e6,0.41
6a154127-8589-4f0b-9bd6-8f218240cc6a,05fb7575-2071-4688-b1d7-907027f2314a,0.04
7932018e-c753-470a-870b-8252b1c3d1e8,05fb7575-2071-4688-b1d7-907027f2314a,0.03
7932018e-c753-470a-870b-8252b1c3d1e8,105974d1-19f1-4883-b607-5d83e02f2572,0.91
ef5b54e2-c447-4a71-a9a1-6e6051917e56,05acab31-491b-498d-a7f6-7408baa417e6,0.95
c0049763-a6a3-4a81-a836-92b4f412d39a,7e987ac0-9ae7-4c50-8c1b-b6c42e37eae1,0.01
92a50d66-e549-4515-9f19-5c6b8658e132,e0103978-a5f2-4c68-9186-b5fdb7195872,0.02
028782b9-f8c3-41e0-8536-6fab179090e7,0af9a08c-10f2-45f7-bd50-fecc6c9634d9,0.01
7932018e-c753-470a-870b-8252b1c3d1e8,1be6f6ab-6e41-455e-b12a-c306c3a1efac,0.99
7932018e-c753-470a-870b-8252b1c3d1e8,47cce516-abac-4ab8-8983-7d37f4002f9a,1
7932018e-c753-470a-870b-8252b1c3d1e8,05acab31-491b-498d-a7f6-7408baa417e6,0.97
7932018e-c753-470a-870b-8252b1c3d1e8,2521b980-3a9b-467f-8ecb-0c31a05453e4,1
05649e6a-f07d-4a67-86e9-d4c205b0ac02,1be6f6ab-6e41-455e-b12a-c306c3a1efac,0.02
c0049763-a6a3-4a81-a836-92b4f412d39a,1be6f6ab-6e41-455e-b12a-c306c3a1efac,0.98
c2027b1d-600c-4499-9c70-edc54b8a0de8,05acab31-491b-498d-a7f6-7408baa417e6,0.83
f2d06e5f-0c6e-417f-ac36-25529cd8d934,05acab31-491b-498d-a7f6-7408baa417e6,0.85
c1bf785f-9578-4e6a-a796-1a79d993bc35,0ca563bd-cb27-4cba-b6f3-5de02e6090a1,0.98
c1bf785f-9578-4e6a-a796-1a79d993bc35,05acab31-491b-498d-a7f6-7408baa417e6,0.1
8fc1fd65-e9e1-4a4c-80b1-e5c231f74859,05fb7575-2071-4688-b1d7-907027f2314a,0.17
3398be8b-6529-497f-807f-9c9c284ae82a,05acab31-491b-498d-a7f6-7408baa417e6,1
efcbb7d4-a26f-48ef-84bf-f65f2687c745,05fb7575-2071-4688-b1d7-907027f2314a,0.03
6a9fe304-c24a-411c-ab37-665efd2deead,05acab31-491b-498d-a7f6-7408baa417e6,0.2
f2d06e5f-0c6e-417f-ac36-25529cd8d934,4eb32c86-78dc-4de0-8b1b-8ac242af6eee,0.43
f2d06e5f-0c6e-417f-ac36-25529cd8d934,0af9a08c-10f2-45f7-bd50-fecc6c9634d9,0.03
f2d06e5f-0c6e-417f-ac36-25529cd8d934,0ca563bd-cb27-4cba-b6f3-5de02e6090a1,0.01
92a50d66-e549-4515-9f19-5c6b8658e132,bdd4a700-d0da-48a7-9a9b-752813bcc718,1
ef5b54e2-c447-4a71-a9a1-6e6051917e56,ad332cd2-c392-4965-b86d-c43c348de630,0.88
ef5b54e2-c447-4a71-a9a1-6e6051917e56,59d48750-c21f-40c2-8ace-1bb08a8aa095,1
6e48aaa9-8f47-4b07-b072-65063cb13338,371fb1d1-79b1-4840-b630-707d9579f3f5,0.08
f35b208b-baa9-45c5-b06d-26cef090dcfd,fd065026-048a-413d-9839-9a513649ee15,0.02
4e98e273-26fc-4e71-9c43-064b1b9df402,f6b6464f-5a01-4be4-b867-7eae5591810f,0
ef5b54e2-c447-4a71-a9a1-6e6051917e56,e0103978-a5f2-4c68-9186-b5fdb7195872,1
f35b208b-baa9-45c5-b06d-26cef090dcfd,d1dc50e4-5129-41a6-ad71-afd6bb94fa79,0.01
df699c27-0ec2-4e6d-ad5f-ce17f51fcec7,1406a6a2-75f0-4caf-9a94-7e303c86f033,1
9c1dcfd4-2079-4ac8-b3c4-bb9d18886270,814502dc-e72f-4b75-ad8e-93f9f0b0f971,0.35
5490ab92-14eb-40b8-9657-d5cf79f35834,16a968f1-bfac-45f0-8afd-93df23180c2e,0.21
c0049763-a6a3-4a81-a836-92b4f412d39a,59d48750-c21f-40c2-8ace-1bb08a8aa095,0.04
25b91922-c27d-4e32-8862-0555fddd3aa8,9510611b-667b-4ab3-b0a9-b7ac4058b6e1,0.95
92a50d66-e549-4515-9f19-5c6b8658e132,4eb32c86-78dc-4de0-8b1b-8ac242af6eee,0.39
ef5b54e2-c447-4a71-a9a1-6e6051917e56,1be6f6ab-6e41-455e-b12a-c306c3a1efac,0.15
b8d26a9a-af81-4cec-abf9-1bac3101c8d0,94ac0a07-1ff5-4a55-bb38-80f4b3d915f5,0.03
25b91922-c27d-4e32-8862-0555fddd3aa8,9912856d-f2f4-47a6-a161-04aea10240e8,0.5
3d930896-731d-4759-9e43-47f1860b5478,207dbbd1-2229-4893-ac7c-49e75abb3507,0.88
c037192a-b67f-4a0c-b816-b37c1e91c34c,9912856d-f2f4-47a6-a161-04aea10240e8,0.59
90537d48-a68e-4f0b-a26e-e000215a3c2a,0ca563bd-cb27-4cba-b6f3-5de02e6090a1,0.8
90537d48-a68e-4f0b-a26e-e000215a3c2a,e0103978-a5f2-4c68-9186-b5fdb7195872,0.37
ef5b54e2-c447-4a71-a9a1-6e6051917e56,47cce516-abac-4ab8-8983-7d37f4002f9a,0.56
ef5b54e2-c447-4a71-a9a1-6e6051917e56,9e5b5acf-da76-4b1c-89d9-e3ba1a1f71cc,0.08
ef5b54e2-c447-4a71-a9a1-6e6051917e56,207dbbd1-2229-4893-ac7c-49e75abb3507,0.91
ef5b54e2-c447-4a71-a9a1-6e6051917e56,9e13c21b-234a-4346-bec0-894cd0eae3ad,0.96
ef5b54e2-c447-4a71-a9a1-6e6051917e56,158d9733-37c5-4c13-acde-5be4955ffb1c,0.92
ef5b54e2-c447-4a71-a9a1-6e6051917e56,fd441ebb-4d3f-4539-b247-65d457dc6e02,0.08
ef5b54e2-c447-4a71-a9a1-6e6051917e56,9510611b-667b-4ab3-b0a9-b7ac4058b6e1,0.97
904d9972-c5a9-40e5-b558-533d1f8b99c7,fd441ebb-4d3f-4539-b247-65d457dc6e02,0.01
ef5b54e2-c447-4a71-a9a1-6e6051917e56,7f1432dd-78c1-4806-a795-9d6b3163e70d,0.02
92a50d66-e549-4515-9f19-5c6b8658e132,207dbbd1-2229-4893-ac7c-49e75abb3507,0.96
d2a038af-b12f-4224-a019-3ffdd3de5fef,fd441ebb-4d3f-4539-b247-65d457dc6e02,0.82
ef5b54e2-c447-4a71-a9a1-6e6051917e56,0ca563bd-cb27-4cba-b6f3-5de02e6090a1,1
4e98e273-26fc-4e71-9c43-064b1b9df402,47cce516-abac-4ab8-8983-7d37f4002f9a,0.3
ef5b54e2-c447-4a71-a9a1-6e6051917e56,bb748f46-72f6-4bbf-92be-87ae78f0ffdd,0.09
d2a038af-b12f-4224-a019-3ffdd3de5fef,207dbbd1-2229-4893-ac7c-49e75abb3507,0.94
2c5f1c38-329f-431e-aae2-d254defdfdb7,fd441ebb-4d3f-4539-b247-65d457dc6e02,0.17
8febf981-b663-4120-b58d-bb2b43f117c3,1406a6a2-75f0-4caf-9a94-7e303c86f033,0.03
8febf981-b663-4120-b58d-bb2b43f117c3,f5388b8e-0616-4d00-9923-e4e78cbdd941,0.41
8febf981-b663-4120-b58d-bb2b43f117c3,9e5b5acf-da76-4b1c-89d9-e3ba1a1f71cc,0.18
8febf981-b663-4120-b58d-bb2b43f117c3,0af9a08c-10f2-45f7-bd50-fecc6c9634d9,0.39
c2627c3b-43ba-495e-ac2d-c0489ccbcdd2,9e5b5acf-da76-4b1c-89d9-e3ba1a1f71cc,0.04
8febf981-b663-4120-b58d-bb2b43f117c3,fd441ebb-4d3f-4539-b247-65d457dc6e02,0.48
c2627c3b-43ba-495e-ac2d-c0489ccbcdd2,23ee617e-27ae-4d9a-bdb5-f73dc724f843,0.12
92a50d66-e549-4515-9f19-5c6b8658e132,0ca563bd-cb27-4cba-b6f3-5de02e6090a1,0.33
25b91922-c27d-4e32-8862-0555fddd3aa8,59d48750-c21f-40c2-8ace-1bb08a8aa095,1
ef5b54e2-c447-4a71-a9a1-6e6051917e56,d4de9db3-6802-4432-aa86-486dedbe69f3,0
90537d48-a68e-4f0b-a26e-e000215a3c2a,fd441ebb-4d3f-4539-b247-65d457dc6e02,0.6
90537d48-a68e-4f0b-a26e-e000215a3c2a,4a512aec-db39-48e4-ae3e-53681dd4bfc8,0.03
c2627c3b-43ba-495e-ac2d-c0489ccbcdd2,9319cc72-f898-405d-bdff-1aa17ce01539,0.95
4d8b26f7-c2fb-4c98-a845-75e81bde4b23,23ee617e-27ae-4d9a-bdb5-f73dc724f843,0.09
5490ab92-14eb-40b8-9657-d5cf79f35834,a4032723-7d1a-4abc-8fd6-b38b261c99ff,0.17
8febf981-b663-4120-b58d-bb2b43f117c3,05fb7575-2071-4688-b1d7-907027f2314a,0.24
d321b076-21fb-4c3d-92c6-23c80e2afd7b,1406a6a2-75f0-4caf-9a94-7e303c86f033,0.27
251d3653-a540-44d7-8ffb-2c67be510cdd,6a08439d-8df3-41aa-94e0-8a4720acea24,0.07
5490ab92-14eb-40b8-9657-d5cf79f35834,dc9549e4-a405-4868-a455-33f8c2c243fd,0
ef5b54e2-c447-4a71-a9a1-6e6051917e56,16a968f1-bfac-45f0-8afd-93df23180c2e,0.26
251d3653-a540-44d7-8ffb-2c67be510cdd,ab9ae79b-2c99-45cd-93f1-3872069288b6,0.01
df699c27-0ec2-4e6d-ad5f-ce17f51fcec7,23ee617e-27ae-4d9a-bdb5-f73dc724f843,0.35
c0049763-a6a3-4a81-a836-92b4f412d39a,e6b18161-95c4-4224-ab26-cd06cc61a8f8,0.03
5490ab92-14eb-40b8-9657-d5cf79f35834,fd441ebb-4d3f-4539-b247-65d457dc6e02,0.05
c037192a-b67f-4a0c-b816-b37c1e91c34c,0ca563bd-cb27-4cba-b6f3-5de02e6090a1,0.39
5490ab92-14eb-40b8-9657-d5cf79f35834,a09e29de-3287-46d4-a5cd-3f3d81166839,0.96
138b9955-b29b-4ac6-a09d-41b631cc2c6c,0af9a08c-10f2-45f7-bd50-fecc6c9634d9,0.41
119fdb4b-f74d-4b33-a39c-ce150cd77096,9319cc72-f898-405d-bdff-1aa17ce01539,0.58
5490ab92-14eb-40b8-9657-d5cf79f35834,23ee617e-27ae-4d9a-bdb5-f73dc724f843,0.69
cd90c031-a691-4cb1-b77c-dbc713c0b0e7,23ee617e-27ae-4d9a-bdb5-f73dc724f843,0.02
05649e6a-f07d-4a67-86e9-d4c205b0ac02,371fb1d1-79b1-4840-b630-707d9579f3f5,0.14
df10c529-194d-43a0-844d-adbce1c88648,bb748f46-72f6-4bbf-92be-87ae78f0ffdd,0.89
14dcee5d-7593-47b3-a4f9-84650631ffaf,814502dc-e72f-4b75-ad8e-93f9f0b0f971,0.23
9e018275-d850-4f41-99c8-d22e7ad97fbd,23ee617e-27ae-4d9a-bdb5-f73dc724f843,0.1
92a50d66-e549-4515-9f19-5c6b8658e132,9e5b5acf-da76-4b1c-89d9-e3ba1a1f71cc,0.32
25b91922-c27d-4e32-8862-0555fddd3aa8,ad332cd2-c392-4965-b86d-c43c348de630,0.47
77420fd5-d2dd-4e09-bb3c-db48aa706a10,23ee617e-27ae-4d9a-bdb5-f73dc724f843,0.49
90537d48-a68e-4f0b-a26e-e000215a3c2a,59d48750-c21f-40c2-8ace-1bb08a8aa095,0.67
704b21a4-a4fe-4e8e-8789-5b10476c4762,0ca563bd-cb27-4cba-b6f3-5de02e6090a1,0.01
f86466d9-c97a-4ae0-9e20-de8aa0aecb61,fd441ebb-4d3f-4539-b247-65d457dc6e02,0.54
37d1d3e2-1012-40f5-a763-16c9c7023f60,05fb7575-2071-4688-b1d7-907027f2314a,0.01
c2027b1d-600c-4499-9c70-edc54b8a0de8,d4de9db3-6802-4432-aa86-486dedbe69f3,0
f86466d9-c97a-4ae0-9e20-de8aa0aecb61,bb748f46-72f6-4bbf-92be-87ae78f0ffdd,0.37
ef5b54e2-c447-4a71-a9a1-6e6051917e56,dc9549e4-a405-4868-a455-33f8c2c243fd,0
ef5b54e2-c447-4a71-a9a1-6e6051917e56,4ae0b171-f870-4c9e-93ee-1c2364659e8a,0.02
90537d48-a68e-4f0b-a26e-e000215a3c2a,bb748f46-72f6-4bbf-92be-87ae78f0ffdd,0.47
f35b208b-baa9-45c5-b06d-26cef090dcfd,7e25dd5b-312c-4117-9829-333c3581876e,0.97
6726ca85-abc8-45f4-b24e-11be77d98332,371fb1d1-79b1-4840-b630-707d9579f3f5,0.62
25b91922-c27d-4e32-8862-0555fddd3aa8,23ee617e-27ae-4d9a-bdb5-f73dc724f843,0.02
251d3653-a540-44d7-8ffb-2c67be510cdd,7b1f51e4-1099-4d53-965c-635fb2149e96,0.03
05649e6a-f07d-4a67-86e9-d4c205b0ac02,a09e29de-3287-46d4-a5cd-3f3d81166839,0.37
92a50d66-e549-4515-9f19-5c6b8658e132,d1dc50e4-5129-41a6-ad71-afd6bb94fa79,0.08
c2627c3b-43ba-495e-ac2d-c0489ccbcdd2,371fb1d1-79b1-4840-b630-707d9579f3f5,0.38
90537d48-a68e-4f0b-a26e-e000215a3c2a,9e5b5acf-da76-4b1c-89d9-e3ba1a1f71cc,0.58
f35b208b-baa9-45c5-b06d-26cef090dcfd,16a968f1-bfac-45f0-8afd-93df23180c2e,0.2
f86466d9-c97a-4ae0-9e20-de8aa0aecb61,371fb1d1-79b1-4840-b630-707d9579f3f5,0.37
6a9fe304-c24a-411c-ab37-665efd2deead,371fb1d1-79b1-4840-b630-707d9579f3f5,0.37
c2027b1d-600c-4499-9c70-edc54b8a0de8,292db9ff-3066-4ee0-ba20-f7d0ef1dd1df,0
90537d48-a68e-4f0b-a26e-e000215a3c2a,7ebf9162-05d1-4524-8c8b-19b6256396e0,0.53
5490ab92-14eb-40b8-9657-d5cf79f35834,371fb1d1-79b1-4840-b630-707d9579f3f5,0.53
27478f01-c6d9-4367-a905-f2883cc8bc93,a09e29de-3287-46d4-a5cd-3f3d81166839,0.86
27478f01-c6d9-4367-a905-f2883cc8bc93,fd065026-048a-413d-9839-9a513649ee15,0.04
91fc4e73-75f2-40dd-901e-63cebabf5e7d,dc9549e4-a405-4868-a455-33f8c2c243fd,0.96
91fc4e73-75f2-40dd-901e-63cebabf5e7d,cfb3469f-64d9-488f-80f1-a0cf0fef7bbd,0.52
